{
  "ax": -0.384765625,
  "ay": -0.16796875,
  "az": 0.041015625,
  "gx": -0.384765625,
  "gy": -0.16796875,
  "gz": 0.041015625,
  "hb": 0,
  "mts": 8.75901321496891,
  "ra": 0
}