{
  "ax": 0.0234375,
  "ay": 0.00390625,
  "az": -0.00390625,
  "gx": 0.0234375,
  "gy": 0.00390625,
  "gz": -0.00390625
}